ID_CLIENTE;EDAD;SEGMENTO;CLAS_SBS;VINCULACION;SALDO_MEDIO_ENERO;SALDO_MEDIO_FEBRERO;SALDO_MEDIO_MARZO;SALDO_MEDIO_ABRIL;SALDO_MEDIO_MAYO;SALDO_MEDIO_JUNIO;NRO_ACCES_CANAL_ENERO;NRO_ACCES_CANAL_FEBRERO;NRO_ACCES_CANAL_MARZO;NRO_ACCES_CANAL_ABRIL;NRO_ACCES_CANAL_MAYO;NRO_ACCES_CANAL_JUNIO;NRO_ENTID_SSFF_ENERO;NRO_ENTID_SSFF_FEBRERO;NRO_ENTID_SSFF_MARZO;NRO_ENTID_SSFF_ABRIL;NRO_ENTID_SSFF_MAYO;NRO_ENTID_SSFF_JUNIO;SALDO_CANCELADO_TC ;NRO_RECLAMO_ENERO;NRO_RECLAMO_FEBRERO;NRO_RECLAMO_MARZO;NRO_RECLAMO_ABRIL;NRO_RECLAMO_MAYO;NRO_RECLAMO_JUNIO
ID1;59;PRIME;NOR;Estrella;2028470;2035170;2044550;2048830;2055870;2004990;1;1;0;3;1;5;1;1;1;1;1;1;50;0;1;0;1;0;3
ID2;60;CLASICO;NOR;No Vinculado;750000;175000;0;0;0;747940;0;0;0;0;0;0;1;1;1;0;0;0;53;1;0;1;1;0;0
ID3;58;CLASICO;NOR;Estrella;301260;10200;0;0;0;298050;0;0;0;0;0;0;1;1;1;0;0;0;53;0;1;0;2;1;2
ID4;64;VIP;NB  ;No Vinculado;300460;300480;300690;300580;300660;298210;2;4;3;4;4;1;1;1;1;1;0;1;56;1;1;1;0;1;3
ID5;60;VIP;NOR;Basico;296660;297030;297450;298090;298510;296040;6;5;4;6;6;4;6;6;6;6;6;5;80;2;0;1;0;0;1
ID6;63;CLASICO;NOR;Potencial;245210;247320;247840;247820;248050;234790;0;0;0;0;0;0;1;1;1;1;0;1;110;0;1;0;1;0;1
ID7;60;PRIME;NOR;Estrella;176980;177390;177820;178220;178620;176470;1;3;2;2;2;5;1;1;1;1;1;1;56;1;1;0;2;1;0
ID8;56;CLASICO;NOR;Estrella;171730;171760;170600;170520;171780;169200;5;4;3;2;3;0;1;1;1;1;0;1;73;1;0;0;2;0;0
ID9;57;VIP;NOR;Basico;121860;132400;176460;176620;183600;120890;3;2;3;2;0;1;1;1;1;1;0;1;133;0;1;1;0;0;0
ID10;58;PRIME;NOR;Estrella;100620;101130;101680;102220;102740;98670;0;0;0;0;0;0;6;6;6;6;6;6;68;2;1;1;1;1;3
ID11;52;CLASICO;NOR;Estrella;85580;84980;85790;85230;88730;87160;5;2;3;2;3;2;1;1;1;1;1;1;163;2;1;0;1;0;1
ID12;37;VIP;NOR;Basico;59890;61970;64240;66760;68990;56990;0;0;0;0;0;0;1;1;1;1;0;1;61;2;0;1;0;1;2
ID13;47;CLASICO;NOR;Basico;54280;55780;56400;56960;57360;53540;6;12;5;16;16;4;2;2;2;2;2;1;70;2;0;1;1;1;3
ID14;51;CLASICO;NOR;Basico;52490;51520;50910;51430;51780;52420;9;12;8;8;0;0;2;2;2;2;2;3;64;1;0;1;0;1;0
ID15;45;VIP;NOR;No Vinculado;50930;66210;58130;0;0;0;0;0;0;0;0;2;5;5;5;5;5;5;60;0;1;1;0;0;3
ID16;50;PRIME;NOR;Potencial;48390;0;0;0;0;70360;0;0;0;0;0;0;5;5;4;4;5;5;66;2;1;0;1;1;0
ID17;50;CLASICO;NOR;Potencial;47620;48160;48730;49240;49760;46090;0;0;0;0;0;0;2;2;2;2;2;2;133;0;1;1;2;1;3
ID18;51;CLASICO;NOR;Basico;35480;36290;36770;29430;16700;34600;0;0;0;0;0;0;5;5;5;5;5;5;65;2;1;0;1;0;0
ID19;56;PRIME;NOR;Basico;33350;33600;34130;36070;46150;33380;0;0;1;0;0;0;2;2;2;2;2;2;65;2;0;1;2;0;1
ID20;38;CLASICO;NOR;Basico;32360;27490;8830;8540;9060;31300;3;4;3;1;4;4;3;3;3;3;3;3;67;2;0;0;2;0;3
ID21;36;VIP;NOR;No Vinculado;31870;32510;33400;33120;35910;31290;12;13;13;17;9;9;4;5;5;5;5;4;76;2;1;1;0;0;1
ID22;39;VIP;NOR;Estrella;25640;27880;28040;26420;27690;25880;0;0;0;0;0;0;7;7;7;7;7;7;73;1;1;1;1;0;2
ID23;63;PRIME;NOR;Basico;24230;23030;23410;24210;25290;22830;0;0;0;0;0;0;0;0;0;0;0;1;80;0;0;1;2;0;2
ID24;56;PRIME;NOR;Estrella;20060;20680;19210;19460;2990;19020;20;19;16;19;18;14;1;1;2;2;2;2;207;2;0;0;0;0;2
ID25;46;PRIME;NOR;Estrella;20020;19330;0;0;0;20050;0;0;0;0;0;0;1;1;1;1;1;1;67;0;0;1;0;0;0
ID26;42;VIP;NOR;Estrella;18650;17070;18160;11170;5170;16390;2;1;1;0;0;2;4;4;4;4;4;4;71;0;1;0;0;0;1
ID27;61;VIP;PER;Basico;18580;16860;16720;17890;18510;18020;0;1;0;0;1;1;3;3;3;3;3;3;93;0;1;0;0;0;1
ID28;46;PRIME;PER;Basico;18520;20280;23600;25820;27720;18680;0;0;0;0;0;0;1;1;1;1;1;1;80;2;0;0;1;1;0
ID29;59;VIP;NB  ;Potencial;16170;15800;16870;14460;12240;18880;4;1;0;4;0;1;5;5;3;3;3;3;342;2;1;0;1;1;2
ID30;57;VIP;NOR;No Vinculado;14490;15250;15780;16310;16960;13770;0;0;0;0;0;0;8;8;8;8;8;8;80;0;0;1;0;0;2
ID31;53;VIP;NOR;Estrella;14120;14720;14890;15300;15790;13320;0;0;0;0;0;0;3;3;3;3;3;2;81;1;1;1;2;0;3
ID32;65;PRIME;NOR;Estrella;12850;13160;13470;13510;13830;12600;1;2;1;2;2;0;2;2;2;2;2;2;88;1;0;1;1;0;2
ID33;48;CLASICO;PER;Basico;11690;16590;17910;18730;19200;10730;2;1;2;5;2;6;1;1;1;1;0;1;151;0;1;1;2;0;1
ID34;46;CLASICO;NB  ;Potencial;10570;10790;350;0;0;10340;0;0;0;0;0;0;2;2;2;3;2;2;151;1;1;1;1;1;2
ID35;56;PRIME;NOR;Estrella;10500;7350;0;0;0;10370;0;0;0;0;0;0;4;4;4;2;2;2;87;1;1;1;2;1;3
ID36;60;PRIME;NOR;Potencial;10440;1500;0;0;0;14030;0;0;0;0;0;0;4;4;4;5;4;4;124;1;0;1;0;0;1
ID37;39;VIP;NOR;Basico;10340;11160;11970;12820;13580;9880;0;0;0;1;0;0;0;0;0;0;0;0;133;0;0;0;1;0;0
ID38;60;PRIME;NOR;Potencial;10200;3060;0;0;0;10020;0;0;0;0;0;0;3;3;3;2;2;2;95;0;0;0;2;0;0
ID39;51;VIP;NOR;Estrella;10060;10230;10420;10630;10790;9850;2;0;0;1;0;0;2;1;1;1;1;1;111;0;0;0;1;1;1
ID40;65;PRIME;NOR;Basico;10030;7070;0;0;0;9950;0;0;0;0;0;0;5;4;4;4;4;4;111;2;0;1;1;0;2
ID41;57;CLASICO;NOR;Basico;10000;2670;0;0;0;9830;0;0;0;0;0;0;3;3;5;4;3;3;105;2;0;1;0;1;2
ID42;49;CLASICO;NB  ;Potencial;9770;10000;10260;10500;10710;9480;0;0;0;0;0;0;2;2;1;1;1;2;107;0;0;1;2;0;0
ID43;37;VIP;NOR;Estrella;9680;9940;10160;10390;10500;9410;1;2;3;0;3;4;3;3;3;3;3;3;146;0;1;0;2;1;0
ID44;59;CLASICO;NOR;No Vinculado;9660;9850;2860;0;0;9170;0;0;0;0;0;0;4;5;6;6;6;6;110;2;0;0;1;1;2
ID45;65;VIP;NOR;No Vinculado;9660;8150;8340;8500;9090;11540;0;0;0;0;0;0;1;1;1;1;1;1;144;0;0;0;1;0;3
ID46;53;CLASICO;NOR;No Vinculado;9600;2560;0;0;0;9610;0;0;0;0;0;0;2;3;3;2;2;2;120;1;0;1;2;0;1
ID47;44;VIP;NOR;Estrella;9250;9540;9840;10000;9680;8520;8;3;6;15;9;10;2;2;2;2;2;2;121;1;1;0;0;1;1
ID48;39;PRIME;NOR;Estrella;8880;9000;2610;0;0;8720;3;5;2;1;0;0;3;3;3;3;2;2;120;0;0;0;2;0;2
ID49;49;VIP;NOR;Estrella;8650;7970;8670;7750;6750;9950;0;0;0;0;0;0;4;4;4;4;3;3;149;1;0;0;2;0;2
ID50;53;CLASICO;NOR;Estrella;8600;7140;7230;7230;7580;8310;0;0;0;0;0;0;4;4;4;4;3;3;152;2;0;0;2;0;1
ID51;42;PRIME;NOR;No Vinculado;8230;8420;19190;26520;27170;43770;4;5;6;6;8;7;3;3;3;3;3;3;131;2;0;0;0;0;3
ID52;46;CLASICO;NOR;Basico;8190;0;0;0;0;9400;3;6;0;0;0;0;3;3;2;2;2;2;213;0;0;0;1;1;3
ID53;52;CLASICO;NOR;Potencial;7920;8730;9080;9560;9930;7810;0;0;0;0;0;0;4;4;4;4;4;4;138;1;0;1;0;0;0
ID54;58;CLASICO;NOR;No Vinculado;7450;0;0;0;0;10870;0;0;0;0;0;0;4;4;3;4;3;3;166;1;1;1;0;0;3
ID55;65;VIP;NOR;Estrella;7130;0;0;0;0;13000;0;0;0;0;0;0;5;5;3;3;3;3;143;1;0;0;0;1;2
ID56;59;CLASICO;NOR;Estrella;7010;5650;5300;5250;4540;5440;0;0;0;0;0;3;4;4;4;4;4;4;245;1;0;0;1;1;2
ID57;39;CLASICO;NOR;Estrella;6910;7030;5340;0;0;8800;0;0;0;0;0;0;5;5;5;5;4;4;378;0;1;0;1;0;3
ID58;39;PRIME;NOR;Estrella;6750;6950;6190;5570;5700;3010;1;2;0;5;1;2;4;4;4;4;2;2;261;0;0;1;2;1;2
ID59;55;CLASICO;NOR;No Vinculado;6360;6710;7030;7350;7640;6060;1;3;3;4;2;1;4;4;4;4;4;4;227;0;0;1;0;0;0
ID60;43;PRIME;NOR;Estrella;6020;1460;1480;2260;2780;13050;5;7;6;7;3;4;2;2;2;2;2;2;213;2;0;1;2;0;3
ID61;61;CLASICO;NOR;Basico;5970;5760;5330;6040;6150;5440;2;6;13;5;9;15;4;4;4;4;3;3;173;0;1;0;0;0;0
ID62;54;CLASICO;NOR;Basico;5920;6510;7010;7070;7260;5670;0;2;0;2;1;0;3;3;3;3;2;2;177;2;1;0;2;1;2
ID63;44;PRIME;NOR;Potencial;5340;670;0;0;0;5070;0;0;0;0;0;0;4;4;4;2;2;2;169;2;1;1;1;0;2
ID64;47;VIP;NOR;Potencial;5250;5590;5930;6260;6600;4890;0;0;0;0;0;2;3;3;3;3;3;3;186;0;1;0;1;1;0
ID65;56;PRIME;NOR;No Vinculado;5190;5490;5830;6080;5110;4810;0;0;0;0;0;0;6;6;6;6;5;5;159;2;0;1;0;1;3
ID66;63;PRIME;NOR;Potencial;5020;3010;0;0;0;4950;0;0;0;0;0;0;6;6;6;6;5;4;186;1;1;0;1;0;3
ID67;43;VIP;NOR;Estrella;5010;5330;5610;5910;6700;4770;0;4;4;1;2;4;2;2;2;2;2;2;217;0;1;1;2;1;3
ID68;64;VIP;NOR;Basico;4910;4620;4820;5060;5190;4840;0;0;0;0;0;0;1;1;1;1;1;1;216;2;0;0;0;1;1
ID69;42;PRIME;NOR;Estrella;4870;4980;5100;5210;5300;4750;0;1;1;0;0;0;2;2;2;2;3;3;523;0;1;1;0;0;3
ID70;47;VIP;NOR;Potencial;4850;4070;1260;0;0;4700;0;0;0;0;0;0;5;4;4;4;3;2;419;0;0;1;0;0;3
ID71;43;CLASICO;NB  ;Estrella;4570;3730;3130;3660;3520;4550;3;2;1;1;6;5;5;5;5;5;5;5;237;2;1;0;2;1;2
ID72;58;CLASICO;NOR;Estrella;4530;5210;7090;9130;10430;3470;1;1;1;2;3;2;1;1;1;1;1;1;280;1;0;1;0;0;1
ID73;64;PRIME;NOR;Estrella;4200;4330;320;0;0;3740;0;0;0;0;0;0;2;2;2;2;1;1;281;1;0;1;2;1;0
ID74;50;CLASICO;NOR;Estrella;4140;4110;4180;3060;4700;4030;3;2;3;1;2;2;4;4;4;4;3;3;315;0;1;0;1;0;1
ID75;53;CLASICO;NOR;Potencial;4010;4660;4920;5010;5360;3450;7;10;4;4;8;5;5;4;4;4;3;3;322;2;1;1;0;1;3
ID76;56;CLASICO;NOR;Estrella;3790;0;0;0;0;7790;2;0;0;0;0;0;4;4;4;4;4;3;359;1;1;0;0;1;2
ID77;49;CLASICO;NOR;No Vinculado;3670;3710;3680;3780;3860;3720;3;1;2;1;1;2;1;1;1;1;1;1;392;0;1;0;0;0;1
ID78;49;VIP;NOR;Estrella;3530;3080;4220;3440;4650;3710;0;0;0;0;0;0;3;3;3;3;3;3;442;2;0;0;2;1;2
ID79;51;PRIME;NOR;Basico;3390;1990;2050;1940;1710;2780;0;0;0;1;0;0;5;6;6;6;6;6;406;0;1;1;2;1;0
ID80;65;VIP;NOR;Estrella;3390;0;0;0;0;4800;0;0;0;0;0;0;5;5;4;3;2;2;414;2;0;0;0;0;0
ID81;61;VIP;NOR;No Vinculado;2960;3220;3490;460;0;2670;1;1;0;0;1;0;1;1;1;1;1;1;446;0;1;0;2;1;1
ID82;53;PRIME;NOR;Basico;2910;1930;1070;0;300;4390;2;3;3;0;3;4;1;2;2;2;2;2;466;0;0;0;2;1;1
ID83;48;CLASICO;NOR;Potencial;2770;3510;3570;3860;3590;3320;0;0;1;3;3;6;1;1;1;1;1;1;531;1;0;1;1;1;3
ID84;30;PRIME;NOR;Estrella;2630;3150;3680;4250;4690;2110;0;0;0;0;0;0;4;4;4;4;4;4;614;0;0;1;2;0;3
ID85;42;CLASICO;NOR;Estrella;2460;890;980;0;0;3530;0;0;0;0;0;0;3;3;3;3;3;2;176;0;1;1;2;1;2
ID86;63;VIP;NB  ;Potencial;2420;0;0;0;0;14990;1;0;0;0;2;1;3;3;3;3;3;3;172;1;0;1;1;0;0
ID87;38;VIP;NOR;Potencial;2070;2270;2430;2420;1080;1890;0;0;0;0;0;0;3;3;3;3;3;3;367;1;0;1;0;1;1
ID88;64;VIP;NOR;Potencial;2040;2040;2080;1940;1960;2070;0;0;0;0;0;0;2;2;2;2;3;3;393;2;0;1;2;1;1
ID89;53;VIP;NOR;Basico;2030;2490;3570;2240;1710;1100;6;0;1;1;1;0;2;2;2;2;2;2;316;1;0;1;2;0;1
ID90;65;VIP;NOR;Basico;2000;2220;1860;1450;310;1990;1;0;0;0;0;0;1;2;2;2;2;2;442;1;1;0;0;0;1
ID91;37;PRIME;NOR;Estrella;1950;1660;90;0;0;2140;5;3;0;0;0;0;2;2;2;2;1;1;351;1;0;1;2;1;1
ID92;59;VIP;NOR;Potencial;1490;0;0;0;0;6870;0;0;0;0;0;0;7;7;7;6;5;4;244;0;1;1;1;1;2
ID93;45;PRIME;NOR;Basico;1440;1320;1370;1440;1380;740;2;1;2;0;0;0;4;4;4;4;4;4;221;2;1;0;1;1;3
ID94;60;CLASICO;NOR;Transaccional;1370;0;0;0;0;70;0;0;0;0;0;0;6;6;6;5;4;4;210;2;0;0;2;1;3
ID95;58;PRIME;NOR;Estrella;1290;1390;1480;1550;1660;1190;5;8;1;5;4;0;3;2;3;3;4;4;475;0;1;0;2;1;2
ID96;49;VIP;NOR;Basico;1210;60;40;20;0;1800;0;0;1;0;0;0;2;2;2;2;2;2;404;1;0;0;2;1;2
ID97;63;VIP;NOR;Potencial;1000;1100;1170;640;0;890;0;0;0;0;0;0;1;1;1;1;1;0;452;1;1;1;0;1;2
ID98;62;PRIME;NOR;Basico;840;920;0;0;0;690;0;0;0;0;0;0;3;3;3;2;2;2;105;2;0;1;0;0;0
ID99;58;CLASICO;NOR;Basico;810;980;1190;1350;1540;2590;0;0;0;0;0;0;4;4;4;4;4;4;145;0;0;0;1;0;1
ID100;48;PRIME;NOR;Potencial;710;600;720;690;480;780;1;5;0;0;0;3;1;1;1;1;1;1;290;1;0;1;0;0;3
ID101;65;CLASICO;NOR;Basico;650;0;0;0;0;2300;3;3;0;0;0;0;3;3;2;2;2;1;444;1;1;0;0;0;2
ID102;44;CLASICO;NOR;No Vinculado;640;630;620;610;600;640;4;1;4;7;6;6;4;4;4;3;3;3;285;0;0;1;0;1;0
ID103;65;CLASICO;NOR;Basico;610;710;800;1010;800;500;7;7;0;0;0;0;6;6;6;6;6;5;81;1;1;1;2;0;2
ID104;48;PRIME;NOR;Estrella;610;450;1410;520;150;960;10;7;3;8;7;11;1;1;1;1;1;1;323;0;0;1;2;1;2
ID105;46;CLASICO;NOR;Potencial;580;3400;0;0;0;0;0;0;0;0;0;0;5;5;4;3;3;3;307;1;1;0;1;0;1
ID106;51;CLASICO;NOR;Basico;540;780;1040;1320;1550;180;0;0;0;0;0;0;2;2;2;2;2;2;353;0;1;0;0;1;3
ID107;53;PRIME;NOR;No Vinculado;540;1220;3670;2510;1140;1400;0;0;0;0;4;1;2;2;2;2;2;2;294;0;1;1;2;0;3
ID108;42;CLASICO;NOR;Basico;510;800;1090;1480;2000;150;0;0;0;0;0;0;2;3;2;2;2;2;593;2;1;0;1;1;0
ID109;60;PRIME;NB  ;No Vinculado;450;250;490;330;330;540;8;5;6;9;8;6;6;6;6;6;5;5;272;1;0;0;1;0;1
ID110;60;CLASICO;NOR;Estrella;450;750;940;1210;1500;200;0;0;0;0;0;0;5;5;5;5;3;3;313;1;0;0;0;0;3
ID111;46;PRIME;NOR;Basico;440;2730;2860;3000;2740;0;0;0;0;0;0;0;1;1;2;2;3;3;359;2;1;1;0;0;1
ID112;59;VIP;NOR;Potencial;410;470;1780;3600;360;2080;0;0;1;2;0;0;1;2;2;2;2;2;286;0;0;1;2;0;1
ID113;65;VIP;PER;Basico;380;0;0;0;0;2730;0;0;0;0;0;0;5;5;4;4;4;4;489;2;1;0;1;0;2
ID114;63;CLASICO;NOR;Potencial;350;0;0;0;0;1740;0;0;0;0;0;0;2;2;1;1;1;1;287;1;0;0;0;0;0
ID115;43;PRIME;NOR;Basico;350;960;260;0;0;0;0;0;0;0;0;0;1;2;2;2;2;1;259;2;0;0;0;0;3
ID116;56;VIP;NOR;Potencial;320;310;280;210;260;260;0;1;1;1;0;0;5;5;5;5;5;5;493;2;1;0;2;1;0
ID117;59;PRIME;NOR;Estrella;310;150;0;0;0;590;0;0;0;0;0;0;4;4;4;4;3;3;491;0;1;1;0;0;3
ID118;56;PRIME;NOR;No Vinculado;300;340;420;310;440;290;0;0;0;0;0;0;5;5;5;5;5;5;355;1;0;1;0;1;3
ID119;59;CLASICO;NOR;No Vinculado;280;0;0;0;0;710;0;0;0;0;0;0;3;3;3;2;2;2;158;2;0;0;0;1;1
ID120;47;CLASICO;NOR;Estrella;270;10;0;0;0;400;0;0;0;0;0;0;4;4;4;4;2;2;224;0;0;1;1;0;1
ID121;44;PRIME;NOR;Potencial;260;0;0;0;0;650;1;0;2;0;0;1;1;1;1;0;0;0;218;2;0;1;2;0;0
ID122;63;VIP;NOR;No Vinculado;240;440;650;880;1160;20;0;0;0;0;0;0;2;2;1;1;1;1;254;1;1;0;0;1;2
ID123;58;CLASICO;NOR;Estrella;190;340;40;140;460;80;6;4;4;9;9;9;1;1;1;1;1;1;79;2;0;1;2;1;1
ID124;51;CLASICO;NOR;Basico;180;810;1120;1500;1870;20;0;0;0;0;0;0;5;5;5;5;5;5;303;0;1;1;1;1;3
ID125;58;CLASICO;PER;Basico;180;170;0;0;0;210;3;2;2;2;1;0;5;5;5;5;4;4;140;2;1;0;0;1;0
ID126;53;CLASICO;NOR;Basico;180;0;0;0;0;2990;0;0;0;0;0;0;5;5;4;3;3;2;134;2;1;1;2;0;3
ID127;52;CLASICO;NOR;Potencial;110;0;230;40;110;130;2;1;1;1;1;0;2;1;1;1;1;1;89;0;0;1;0;0;2
ID128;37;CLASICO;NOR;Basico;80;770;270;230;160;980;6;12;7;9;13;9;4;4;4;4;4;3;402;2;1;1;2;0;1
ID129;65;VIP;NOR;Estrella;70;3250;4180;2040;3030;50;2;2;3;2;1;3;4;3;3;3;3;3;292;2;0;0;1;1;2
ID130;35;CLASICO;NOR;Basico;70;230;170;150;0;140;5;6;3;2;2;3;1;1;1;1;1;1;110;0;0;1;1;0;0
ID131;53;VIP;NOR;Potencial;50;70;210;20;120;70;0;0;0;0;0;0;6;6;6;6;6;5;379;0;0;1;2;0;1
ID132;63;VIP;NOR;Estrella;40;10;0;0;0;610;0;0;0;0;0;0;8;8;8;8;8;8;520;2;1;1;1;0;0
ID133;56;CLASICO;NB  ;No Vinculado;30;0;0;0;0;220;0;0;0;0;0;0;1;1;0;0;0;1;332;2;0;1;2;1;0
ID134;65;VIP;NB  ;Estrella;10;140;190;220;250;10;3;0;0;0;3;0;4;4;4;4;4;3;474;2;1;0;0;0;3
ID135;64;PRIME;NOR;Estrella;0;0;0;0;0;0;0;0;0;0;0;0;7;8;8;8;8;8;111;2;0;0;1;1;0
ID136;54;CLASICO;NB  ;Potencial;0;0;0;0;0;0;0;0;0;0;0;0;7;7;7;7;7;7;401;1;1;1;2;1;3
ID137;46;PRIME;NOR;Potencial;0;0;0;0;0;0;0;0;0;0;0;0;7;7;7;7;7;7;201;2;1;0;2;1;1
ID138;57;PRIME;NOR;Estrella;0;0;0;0;0;0;0;0;4;5;6;1;7;7;7;7;7;7;296;0;1;0;2;1;2
ID139;55;VIP;NB  ;Estrella;0;0;0;0;0;0;0;0;0;0;0;0;6;6;6;7;7;7;122;2;0;0;1;0;3
ID140;60;PRIME;NOR;No Vinculado;0;0;0;0;0;0;0;0;1;2;0;3;6;6;6;6;6;7;253;2;1;1;1;1;2
ID141;62;PRIME;NOR;Basico;0;0;0;0;0;0;1;3;2;4;6;13;7;7;7;7;7;6;349;0;1;1;2;0;0
ID142;61;VIP;NOR;Estrella;0;0;0;250;430;0;1;0;2;1;1;0;6;6;6;6;6;6;272;1;0;1;0;1;2
ID143;47;VIP;NOR;Basico;0;0;0;0;0;0;0;0;0;0;0;0;6;6;6;6;6;6;472;0;1;0;1;0;1
ID144;36;PRIME;NOR;Basico;0;0;0;0;0;0;0;0;0;0;0;0;6;6;6;6;6;6;480;2;0;0;1;1;3
ID145;50;PRIME;NOR;Estrella;0;0;0;0;0;0;0;0;0;0;0;0;6;6;6;6;6;6;544;0;1;0;2;0;0
ID146;64;CLASICO;NOR;Basico;0;0;0;0;0;0;4;5;5;3;0;0;6;6;6;6;6;6;127;2;0;0;1;0;1
ID147;65;CLASICO;NOR;No Vinculado;0;0;0;0;0;0;0;0;0;0;0;0;6;6;6;6;6;6;335;0;1;1;1;0;0
ID148;55;CLASICO;NOR;No Vinculado;0;0;0;0;0;0;0;0;0;0;0;1;5;6;6;6;6;6;258;1;1;1;1;1;1
ID149;44;VIP;NOR;Estrella;0;0;0;0;0;0;21;12;7;11;12;14;4;4;4;5;6;6;492;0;1;1;0;0;3
ID150;59;PRIME;NB  ;Estrella;0;300;140;540;460;0;0;0;0;0;0;0;4;4;5;5;6;6;418;0;1;0;0;1;0
ID151;51;VIP;PER;Basico;0;0;0;0;0;0;2;2;0;0;0;0;3;3;3;3;6;6;267;1;1;0;0;0;1
ID152;63;VIP;NOR;No Vinculado;0;0;0;0;0;0;0;0;0;0;4;2;7;7;6;6;6;5;223;2;1;0;2;1;1
ID153;49;PRIME;NOR;Estrella;0;0;0;0;0;0;0;0;0;0;0;0;7;7;6;6;6;5;515;0;1;1;1;0;1
ID154;60;VIP;PER;Basico;0;0;0;0;0;0;0;0;0;0;0;0;6;6;6;6;6;5;421;1;1;0;1;1;3
ID155;65;PRIME;NOR;Basico;0;0;0;0;0;0;0;1;0;0;0;0;6;6;6;6;6;5;355;1;0;1;0;1;0
ID156;46;CLASICO;NOR;Basico;0;0;0;0;0;0;2;0;1;0;0;0;6;6;6;6;6;5;246;1;1;0;2;0;1
ID157;39;CLASICO;NOR;No Vinculado;0;3390;3700;4090;4340;0;0;0;0;0;0;0;5;5;5;5;5;5;513;0;0;1;1;1;3
ID158;62;PRIME;NOR;Estrella;0;0;0;0;0;0;0;0;0;0;0;0;5;5;5;5;5;5;174;2;1;1;1;0;1
ID159;37;VIP;NOR;Potencial;0;0;0;0;0;0;0;0;0;0;0;0;5;5;5;5;5;5;384;0;1;0;1;1;3
ID160;41;CLASICO;NOR;Basico;0;0;0;0;0;0;1;3;2;1;0;0;5;5;5;5;5;5;52;0;0;0;0;1;2
ID161;49;CLASICO;NOR;Potencial;0;0;0;0;0;0;0;0;0;0;0;0;5;5;5;5;5;5;695;1;0;0;0;1;2
ID162;36;CLASICO;NOR;Basico;0;0;0;0;0;0;2;1;0;1;2;0;5;5;5;5;5;5;499;0;0;0;2;0;2
ID163;62;VIP;NOR;Estrella;0;0;0;0;0;0;0;0;0;0;0;0;5;5;5;5;5;5;428;0;1;1;0;0;2
ID164;37;VIP;NOR;Estrella;0;1670;2440;2590;2880;0;0;0;0;0;0;0;4;4;4;5;5;5;787;0;1;1;1;0;3
ID165;52;PRIME;NOR;Estrella;0;0;0;0;0;0;0;0;0;0;0;0;4;4;4;4;4;5;337;0;0;1;0;0;2
ID166;51;CLASICO;NOR;No Vinculado;0;0;0;0;0;0;0;0;0;0;0;0;4;5;5;5;6;5;260;1;0;0;1;0;3
ID167;55;VIP;NOR;Estrella;0;0;0;0;0;0;0;0;0;0;0;0;4;5;5;5;5;5;175;2;0;0;0;1;1
ID168;60;PRIME;NOR;Basico;0;0;0;0;0;0;7;7;5;11;12;7;4;4;4;4;5;5;465;0;1;1;0;0;2
ID169;51;VIP;NOR;Estrella;0;0;0;0;0;0;0;0;0;0;0;0;6;4;4;4;4;4;135;2;1;1;1;0;3
ID170;52;PRIME;NOR;Estrella;0;0;0;0;0;0;2;6;5;8;6;5;5;5;4;4;4;4;178;0;1;1;2;1;0
ID171;44;PRIME;NOR;No Vinculado;0;0;0;0;0;0;0;0;0;0;0;0;5;5;5;5;5;4;402;1;1;1;0;1;1
ID172;50;CLASICO;NOR;Estrella;0;0;0;0;0;0;0;0;0;0;0;0;5;5;5;5;4;4;435;2;0;0;0;1;1
ID173;50;PRIME;NOR;No Vinculado;0;0;0;0;0;0;0;0;0;0;0;0;5;5;5;5;4;4;140;2;1;1;0;1;3
ID174;56;VIP;NOR;No Vinculado;0;0;0;0;0;0;2;5;0;0;0;0;4;4;4;4;4;4;449;2;0;0;2;1;0
ID175;56;VIP;NOR;Potencial;0;0;0;0;0;0;0;0;0;0;0;0;4;4;4;4;4;4;128;1;0;1;2;1;0
ID176;53;VIP;NOR;Basico;0;0;0;0;0;0;0;0;0;0;0;0;4;4;4;4;4;4;428;0;1;1;2;1;3
ID177;63;CLASICO;NOR;Potencial;0;0;0;0;0;0;0;0;0;0;0;0;4;4;4;4;4;4;115;0;0;0;2;1;0
ID178;51;VIP;NOR;Basico;0;0;0;0;0;0;4;3;0;1;0;0;4;4;4;4;4;4;557;1;1;0;0;1;0
ID179;60;CLASICO;NOR;No Vinculado;0;0;0;0;0;0;0;0;0;0;0;0;4;4;4;4;4;4;167;2;0;0;1;1;3
ID180;40;VIP;NOR;Potencial;0;0;0;0;0;0;1;1;1;0;0;0;4;4;4;4;4;4;500;0;0;1;1;1;0
ID181;42;VIP;NOR;Estrella;0;0;0;0;0;0;0;6;2;2;1;5;4;4;4;4;4;4;399;0;1;0;0;0;1
ID182;33;PRIME;NOR;Transaccional;0;0;0;0;0;0;1;0;0;0;0;0;4;4;4;4;4;4;343;2;0;1;0;0;0
ID183;35;PRIME;NOR;Estrella;0;0;0;0;0;0;0;0;1;0;0;0;4;4;4;4;4;4;226;2;1;1;0;1;1
ID184;39;CLASICO;NOR;Potencial;0;0;0;0;0;0;4;4;2;0;0;0;4;4;4;4;4;4;324;1;1;1;1;1;2
ID185;43;VIP;NB  ;No Vinculado;0;0;0;0;0;0;0;0;0;0;0;0;4;4;4;4;4;4;308;0;0;0;1;0;1
ID186;50;VIP;NOR;Estrella;0;0;0;0;0;0;0;0;0;0;0;0;4;4;4;4;4;4;141;1;1;0;0;1;2
ID187;54;PRIME;NOR;Basico;0;0;0;0;0;0;0;0;0;0;0;0;4;4;4;4;4;4;155;1;1;0;1;1;0
ID188;56;PRIME;NOR;Estrella;0;0;0;0;0;0;1;0;0;0;0;0;4;4;4;4;4;4;286;1;0;1;1;1;1
ID189;57;PRIME;NOR;Estrella;0;0;0;0;0;0;0;0;0;0;0;0;4;5;5;5;5;4;269;0;0;0;0;0;0
ID190;62;VIP;NOR;Estrella;0;0;0;0;0;0;0;0;0;0;0;0;4;4;3;3;3;4;216;0;0;0;0;1;1
ID191;61;CLASICO;NB  ;Estrella;0;0;0;0;0;0;0;0;0;0;0;0;4;4;4;4;4;4;451;2;0;0;0;0;2
ID192;52;VIP;NB  ;No Vinculado;0;0;0;0;0;0;0;0;1;0;0;0;3;3;3;3;3;4;135;2;0;0;1;1;0
ID193;50;CLASICO;NOR;Estrella;0;0;0;0;0;0;0;0;0;0;0;0;3;3;3;3;3;4;223;2;0;1;0;1;2
ID194;53;PRIME;NOR;Potencial;0;0;0;0;0;0;0;0;0;0;0;0;3;3;3;4;4;4;351;0;0;1;1;1;2
ID195;45;CLASICO;NOR;No Vinculado;0;0;0;0;0;0;0;0;0;0;0;0;3;3;4;4;4;4;164;0;0;1;1;1;2
ID196;55;PRIME;NOR;Estrella;0;0;0;0;0;0;0;0;0;0;0;0;6;6;6;5;5;3;419;2;1;1;0;0;0
ID197;35;VIP;NOR;Estrella;0;0;0;0;0;0;0;0;0;0;0;0;5;4;4;4;3;3;281;1;1;1;2;1;1
ID198;37;PRIME;NOR;Estrella;0;0;0;0;0;0;0;0;0;0;0;0;5;5;5;3;3;3;288;2;0;1;0;0;0
ID199;53;PRIME;NOR;Basico;0;0;0;0;0;1550;1;0;0;0;0;0;5;4;3;3;3;3;123;1;0;0;0;0;1
ID200;63;VIP;NOR;Basico;0;0;0;0;0;0;0;0;0;0;0;0;5;4;4;4;4;3;75;2;1;0;0;1;0
ID201;65;VIP;NOR;No Vinculado;0;0;0;0;0;0;0;0;0;0;0;0;5;4;4;4;4;3;381;2;0;1;1;1;3
ID202;55;CLASICO;NOR;Basico;0;0;0;0;0;0;0;0;0;0;0;0;5;5;4;3;3;3;313;0;0;0;1;0;2
ID203;57;CLASICO;NOR;Estrella;0;0;0;0;0;0;0;0;0;0;0;0;5;4;4;3;3;3;105;1;1;0;2;0;0
ID204;60;PRIME;NOR;Estrella;0;0;0;0;0;0;0;0;0;0;0;0;4;4;4;3;3;3;74;2;0;1;1;1;2
ID205;48;VIP;NB  ;Basico;0;0;0;0;0;0;0;0;0;0;0;0;4;3;3;3;3;3;120;2;1;0;2;0;1
ID206;33;CLASICO;NOR;Estrella;0;0;0;0;0;0;0;0;0;0;0;1;4;4;4;3;3;3;483;0;0;1;1;0;0
ID207;64;VIP;NOR;Potencial;0;0;0;0;0;0;0;0;0;0;0;0;4;4;3;3;3;3;175;2;0;0;0;1;1
ID208;36;VIP;NOR;Basico;0;0;0;0;0;0;0;0;0;0;0;0;4;4;4;3;3;3;176;0;1;1;0;1;1
ID209;42;CLASICO;NOR;Potencial;0;0;0;0;0;0;0;0;0;0;0;0;4;4;3;3;3;3;363;0;0;1;1;0;0
ID210;50;VIP;NOR;No Vinculado;0;0;0;0;0;6210;0;0;0;0;0;0;4;4;3;3;3;3;211;1;1;0;0;0;1
ID211;58;CLASICO;NOR;Potencial;0;0;0;0;0;0;0;0;0;0;0;0;4;3;3;3;3;3;272;1;0;0;1;1;1
ID212;60;PRIME;NOR;Estrella;0;0;0;0;0;270;0;0;0;0;0;0;4;3;3;3;3;3;388;2;0;1;1;1;3
ID213;61;PRIME;NOR;Estrella;0;0;0;0;0;0;0;0;0;0;0;0;4;3;2;2;3;3;313;2;1;1;0;1;3
ID214;41;CLASICO;NOR;Estrella;0;0;0;0;0;0;0;0;0;0;0;0;3;3;3;3;3;3;306;2;0;0;2;0;3
ID215;49;PRIME;NOR;Basico;0;0;0;0;0;0;0;0;0;0;0;0;3;3;3;3;3;3;198;0;1;0;0;0;0
ID216;44;VIP;NOR;Basico;0;0;0;0;0;0;0;0;0;2;0;0;3;3;3;3;3;3;299;0;0;0;0;1;3
ID217;44;CLASICO;NOR;Potencial;0;0;0;0;0;0;1;4;4;2;2;0;3;3;3;3;3;3;85;0;1;1;2;0;3
ID218;44;PRIME;NOR;Estrella;0;0;0;0;0;0;0;0;0;0;0;0;3;3;3;3;3;3;219;0;0;1;2;0;0
ID219;60;PRIME;NOR;Basico;0;0;0;0;0;0;0;0;0;0;6;1;3;3;3;3;3;3;191;1;1;1;1;1;3
ID220;65;VIP;NOR;Basico;0;0;0;0;0;0;0;0;0;0;0;0;3;3;3;3;3;3;59;0;0;0;1;1;1
ID221;51;CLASICO;NOR;Estrella;0;0;10;740;2310;0;0;2;0;0;0;3;3;3;4;4;4;3;361;1;1;1;0;0;1
ID222;53;PRIME;NOR;No Vinculado;0;0;0;0;0;0;0;0;0;0;0;0;3;3;3;3;3;3;279;1;0;1;1;0;1
ID223;58;PRIME;PER;Basico;0;0;0;0;0;0;1;0;0;0;0;0;3;3;3;3;3;3;289;0;1;1;0;1;2
ID224;60;VIP;NOR;Basico;0;0;0;0;0;0;1;0;0;0;0;0;3;3;3;3;3;3;464;1;1;1;2;1;0
ID225;40;CLASICO;NOR;Estrella;0;0;0;0;0;0;1;0;0;0;0;0;3;3;3;3;3;3;494;1;1;0;1;1;1
ID226;60;PRIME;NOR;Basico;0;0;0;0;0;0;2;2;0;0;0;0;3;3;3;3;3;3;276;2;1;0;1;1;3
ID227;65;CLASICO;NOR;No Vinculado;0;0;0;0;0;0;0;0;0;0;0;0;3;3;3;3;3;3;407;1;1;0;1;1;3
ID228;48;PRIME;NOR;Potencial;0;0;0;0;0;0;5;4;2;1;0;1;3;3;3;3;3;3;468;0;0;0;1;1;2
ID229;48;VIP;NOR;Basico;0;0;0;0;0;0;1;1;0;0;0;3;3;3;3;3;2;3;183;1;0;0;1;1;1
ID230;31;PRIME;NOR;No Vinculado;0;0;0;0;0;0;0;0;0;0;0;0;3;2;3;3;3;3;361;2;1;1;2;1;0
ID231;42;CLASICO;NOR;Potencial;0;0;0;0;0;0;0;0;0;0;0;0;3;3;3;2;2;3;326;2;0;0;0;1;1
ID232;43;VIP;NOR;Potencial;0;0;0;0;0;0;0;0;0;0;0;0;3;3;3;3;3;3;237;1;1;1;2;1;1
ID233;44;PRIME;NOR;Potencial;0;0;0;0;0;0;0;0;0;0;0;0;3;3;3;3;3;3;459;2;0;1;1;0;3
ID234;44;CLASICO;NOR;Estrella;0;0;0;0;0;0;0;0;0;0;0;0;3;3;3;3;3;3;404;0;0;1;1;0;2
ID235;46;VIP;NOR;Basico;0;0;0;0;0;0;0;0;0;0;0;0;3;3;3;3;3;3;631;1;0;0;1;1;0
ID236;49;PRIME;NOR;Potencial;0;0;0;0;0;0;0;0;0;0;0;0;3;3;3;3;3;3;421;2;0;1;2;0;2
ID237;53;VIP;NOR;Basico;0;0;0;0;0;0;0;0;0;0;0;0;3;3;3;3;3;3;281;0;0;0;2;1;1
ID238;57;PRIME;NOR;Basico;0;0;0;0;0;0;0;0;0;0;0;0;3;3;3;3;3;3;111;0;0;0;2;0;1
ID239;64;VIP;NOR;Estrella;0;0;0;0;0;0;0;0;0;0;0;0;3;3;3;3;3;3;474;2;1;0;0;1;2
ID240;64;CLASICO;NOR;Potencial;0;0;0;0;0;0;0;0;0;0;0;0;3;3;3;3;2;3;155;2;0;1;1;1;3
ID241;32;VIP;NOR;Estrella;0;0;0;0;0;0;0;0;0;0;0;0;2;2;2;2;3;3;319;2;1;0;1;0;1
ID242;60;CLASICO;NOR;Basico;0;0;0;0;0;0;0;0;0;0;0;0;2;2;3;3;3;3;604;2;0;1;1;1;3
ID243;49;VIP;NOR;Estrella;0;0;0;0;0;0;0;0;0;0;1;0;2;2;3;3;3;3;440;2;0;0;1;0;1
ID244;57;VIP;NOR;Estrella;0;50;210;100;0;0;0;0;0;0;0;0;2;2;3;4;4;3;435;1;0;1;2;1;1
ID245;35;PRIME;NOR;Estrella;0;0;0;0;0;0;0;0;0;0;0;0;2;2;2;2;3;3;416;1;0;1;0;0;1
ID246;35;VIP;PER;Basico;0;0;0;0;0;0;1;1;2;0;0;0;2;2;3;4;3;3;365;2;0;0;1;1;1
ID247;51;VIP;NOR;Estrella;0;0;0;0;0;0;0;0;0;0;0;0;2;2;2;3;3;3;469;0;0;1;2;1;1
ID248;61;CLASICO;NB  ;No Vinculado;0;0;0;0;0;0;0;0;0;0;0;0;2;2;2;2;2;3;447;1;1;1;0;1;2
ID249;48;VIP;NB  ;Estrella;0;0;0;1840;1800;0;0;0;0;1;0;0;1;1;3;3;3;3;445;1;0;1;2;0;1
ID250;37;CLASICO;NOR;Basico;0;0;0;0;0;0;0;0;0;0;0;0;4;4;4;3;3;2;325;1;1;0;1;0;2
ID251;64;PRIME;NOR;Potencial;0;0;0;0;0;0;0;0;0;0;0;0;4;3;2;2;2;2;400;2;0;0;0;0;0
ID252;38;VIP;NB  ;Potencial;0;0;0;0;0;0;0;0;0;0;0;0;3;2;2;2;2;2;559;0;1;1;0;0;3
ID253;65;CLASICO;NOR;Potencial;0;0;0;0;0;0;0;0;0;0;0;0;3;2;2;3;2;2;673;0;0;1;2;0;1
ID254;41;CLASICO;NOR;Basico;0;0;0;0;0;5100;1;0;0;0;0;0;3;2;2;2;2;2;548;2;1;1;2;1;1
ID255;45;CLASICO;NOR;Basico;0;0;0;0;0;0;0;0;0;0;0;0;3;3;2;2;2;2;326;0;0;0;1;1;0
ID256;48;VIP;NOR;Basico;0;0;0;0;0;0;0;0;0;0;0;0;3;3;3;3;3;2;237;0;0;1;1;0;1
ID257;49;CLASICO;NOR;No Vinculado;0;0;0;0;0;0;0;0;0;0;0;0;3;2;2;2;2;2;148;2;1;0;0;0;3
ID258;51;CLASICO;NOR;Potencial;0;0;0;0;0;0;0;0;0;0;0;0;3;3;3;3;3;2;375;2;1;0;0;0;3
ID259;52;PRIME;NOR;Estrella;0;0;0;0;0;0;0;0;0;0;0;0;3;3;2;2;2;2;396;1;0;0;0;0;2
ID260;56;PRIME;NOR;Estrella;0;0;0;0;0;0;1;1;0;0;0;0;3;3;4;4;3;2;411;1;0;1;1;0;1
ID261;63;CLASICO;NOR;Estrella;0;0;0;0;0;0;0;0;0;0;0;0;3;3;3;3;3;2;459;1;0;0;2;0;3
ID262;65;VIP;NOR;Estrella;0;0;0;0;0;0;0;0;0;0;0;0;3;3;2;2;2;2;545;1;1;0;2;0;2
ID263;53;VIP;NOR;Basico;0;0;540;1100;1350;2080;1;1;0;0;1;2;2;2;2;2;2;2;503;2;0;1;0;1;1
ID264;50;CLASICO;NOR;Estrella;0;0;0;0;0;0;0;0;0;0;1;2;2;2;2;2;2;2;385;0;0;0;1;1;0
ID265;57;VIP;NOR;Estrella;0;0;0;0;0;0;0;0;0;0;0;0;2;2;2;2;2;2;319;1;0;0;0;0;2
ID266;55;VIP;NOR;Estrella;0;0;0;0;0;0;8;3;10;7;5;4;2;2;2;2;2;2;747;0;1;1;2;1;2
ID267;46;PRIME;PER;Basico;0;0;0;0;0;0;0;0;0;0;0;0;2;2;2;2;2;2;616;1;1;0;2;1;3
ID268;49;VIP;NOR;Estrella;0;0;0;0;0;0;0;0;0;0;0;0;2;2;2;2;2;2;710;1;0;0;0;0;0
ID269;63;CLASICO;NOR;No Vinculado;0;0;0;0;0;0;0;0;0;0;0;0;2;2;2;2;2;2;673;2;0;1;1;1;3
ID270;51;VIP;NOR;Estrella;0;0;0;0;0;0;0;0;0;0;0;0;2;2;2;2;2;2;621;0;1;1;1;1;2
ID271;62;CLASICO;NOR;Basico;0;0;0;0;0;0;0;0;0;0;0;0;2;2;2;2;2;2;499;2;1;0;1;0;2
ID272;57;CLASICO;NOR;Estrella;0;0;0;0;0;0;0;0;0;0;0;1;2;2;2;2;2;2;502;1;1;1;2;1;0
ID273;58;VIP;NOR;Basico;0;0;0;0;0;0;3;6;5;7;7;7;2;2;2;2;2;2;563;0;0;0;0;1;1
ID274;45;VIP;NOR;Estrella;0;0;0;0;0;0;0;0;0;0;0;0;2;2;2;2;2;2;460;2;1;0;0;1;2
ID275;49;VIP;NB  ;Basico;0;0;0;0;0;0;6;4;6;6;4;7;2;2;2;2;2;2;495;0;1;0;2;1;3
ID276;57;CLASICO;NOR;Estrella;0;0;0;0;0;0;0;0;0;0;0;0;2;2;2;2;2;2;485;1;1;0;1;1;2
ID277;61;PRIME;NOR;No Vinculado;0;0;0;0;0;0;0;0;0;0;0;0;2;2;2;2;2;2;310;1;1;1;0;0;0
ID278;64;VIP;NOR;Estrella;0;0;0;0;0;0;6;6;4;3;4;2;2;2;2;2;2;2;610;0;0;1;2;1;1
ID279;37;PRIME;NOR;No Vinculado;0;0;0;0;0;0;0;0;0;0;3;5;2;2;2;2;2;2;547;0;1;0;2;0;2
ID280;40;VIP;NOR;Potencial;0;0;0;0;0;0;0;0;0;0;0;0;2;2;2;2;2;2;191;2;0;0;0;1;2
ID281;55;PRIME;NOR;Potencial;0;0;0;0;0;0;0;0;0;0;0;0;2;2;2;2;2;2;837;1;1;1;1;0;3
ID282;31;VIP;NOR;Potencial;0;0;0;0;0;0;0;0;0;0;0;0;2;2;2;2;2;2;335;2;1;1;0;1;2
ID283;34;VIP;NOR;Potencial;0;0;0;0;0;0;0;0;0;0;0;0;2;2;2;2;2;2;507;1;1;1;0;0;0
ID284;43;PRIME;NOR;Estrella;0;0;0;0;0;0;0;0;0;0;0;0;2;2;2;2;2;2;308;1;1;0;0;0;3
ID285;44;PRIME;NOR;Potencial;0;0;0;0;0;0;1;0;0;0;0;0;2;2;2;2;2;2;762;1;0;0;1;0;3
ID286;48;CLASICO;NB  ;Basico;0;0;0;0;0;0;6;3;0;0;0;0;2;2;2;2;2;2;525;0;1;0;0;1;0
ID287;48;CLASICO;NOR;Estrella;0;0;0;0;0;0;0;0;0;0;0;0;2;2;2;2;2;2;503;2;1;0;2;1;2
ID288;49;VIP;NOR;Potencial;0;0;0;0;0;0;0;0;0;0;0;0;2;2;2;2;2;2;636;1;0;1;2;0;3
ID289;49;CLASICO;NOR;Basico;0;0;0;0;0;0;0;0;0;0;0;0;2;2;2;2;2;2;614;0;0;0;2;0;1
ID290;51;CLASICO;NOR;Basico;0;0;0;0;0;0;0;1;0;0;0;0;2;2;2;2;2;2;367;2;0;1;1;0;1
ID291;51;PRIME;NOR;Estrella;0;0;0;0;0;0;0;0;0;0;0;0;2;2;2;2;2;2;431;1;1;1;2;1;3
ID292;52;CLASICO;NB  ;Estrella;0;0;0;0;0;0;0;0;0;0;0;0;2;3;3;3;3;2;657;1;1;1;2;0;1
ID293;53;VIP;NOR;Potencial;0;0;0;0;0;0;0;0;0;0;0;0;2;2;2;2;2;2;471;2;1;0;0;1;1
ID294;54;CLASICO;NOR;Estrella;0;0;0;0;0;0;0;0;0;0;0;0;2;2;2;2;2;2;271;2;1;0;0;1;1
ID295;54;VIP;NOR;Estrella;0;0;0;0;0;0;1;5;1;0;0;0;2;2;2;2;2;2;396;1;0;0;0;0;0
ID296;56;CLASICO;NOR;Potencial;0;0;0;0;0;0;0;0;0;0;0;0;2;2;2;2;2;2;481;0;0;0;2;0;3
ID297;60;VIP;NOR;Estrella;0;0;0;0;0;0;0;0;0;0;0;0;2;2;2;2;2;2;415;1;0;1;1;0;3
ID298;60;PRIME;NOR;No Vinculado;0;0;0;0;0;0;0;0;0;0;0;0;2;2;2;2;2;2;414;0;0;1;0;0;3
ID299;64;CLASICO;NOR;Basico;0;0;0;0;0;0;0;0;0;0;0;0;2;2;2;2;2;2;616;2;1;0;0;1;1
ID300;38;VIP;NOR;No Vinculado;0;0;0;0;0;0;0;0;0;0;0;0;2;2;2;2;2;2;635;1;1;1;2;1;3
ID301;58;VIP;NOR;No Vinculado;0;0;0;0;0;0;0;0;0;0;0;0;2;2;2;2;2;2;527;1;0;1;2;0;3
ID302;57;CLASICO;NOR;Estrella;0;0;0;0;0;0;0;0;0;0;0;0;1;1;1;1;1;2;476;1;0;0;2;0;0
ID303;52;CLASICO;NOR;No Vinculado;0;0;0;3510;9470;0;0;0;0;0;0;0;1;1;1;1;1;2;591;0;0;0;2;0;2
ID304;42;PRIME;NOR;Estrella;0;0;0;0;0;0;7;6;10;15;8;2;1;1;1;2;2;2;757;1;0;1;2;0;2
ID305;39;PRIME;NOR;Estrella;0;0;0;0;0;0;0;2;1;3;0;2;1;1;1;2;2;2;446;1;1;1;1;1;3
ID306;53;VIP;NOR;Estrella;0;60;0;0;0;0;0;0;0;0;0;0;1;1;1;2;2;2;411;0;1;1;0;1;0
ID307;64;CLASICO;NOR;Basico;0;0;0;0;0;0;2;4;8;5;5;6;1;1;2;2;2;2;681;2;1;0;0;0;2
ID308;30;CLASICO;NOR;Estrella;0;0;0;0;0;0;0;0;0;0;0;0;1;1;1;1;2;2;655;2;1;0;0;0;1
ID309;39;VIP;NB  ;Potencial;0;0;0;0;0;0;1;0;0;0;0;0;1;2;2;2;2;2;260;2;1;0;0;0;3
ID310;47;CLASICO;NOR;Potencial;0;0;0;0;0;0;0;1;0;0;0;0;1;1;1;2;2;2;528;1;0;1;2;1;1
ID311;51;VIP;NB  ;No Vinculado;0;0;0;0;0;0;0;0;0;0;0;0;1;1;2;2;2;2;365;2;1;0;2;1;2
ID312;42;CLASICO;NOR;Estrella;0;0;0;0;0;0;0;0;0;0;0;0;1;2;2;2;2;2;204;2;1;1;1;1;2
ID313;62;CLASICO;NOR;Basico;0;0;0;0;0;0;0;0;0;0;0;0;4;4;4;3;2;1;360;2;1;0;1;1;3
ID314;65;VIP;NOR;No Vinculado;0;0;0;0;0;0;0;0;0;0;1;0;3;3;3;3;3;1;486;0;0;1;0;0;0
ID315;45;CLASICO;NOR;Basico;0;0;0;0;0;0;0;0;0;0;0;0;3;2;1;1;1;1;240;0;0;0;1;1;2
ID316;57;VIP;NOR;Basico;0;0;0;0;0;0;2;0;1;0;0;0;3;3;3;2;2;1;468;2;1;1;0;1;0
ID317;59;CLASICO;NOR;Estrella;0;0;0;0;0;4190;0;0;0;1;0;0;3;2;2;2;1;1;195;1;1;1;0;1;2
ID318;64;CLASICO;NOR;Estrella;0;0;0;0;0;0;0;0;0;0;0;0;2;1;1;1;1;1;410;1;1;1;2;1;3
ID319;38;PRIME;NOR;No Vinculado;0;0;0;0;1930;0;6;6;3;10;5;2;2;2;1;1;1;1;547;0;0;1;0;0;3
ID320;55;CLASICO;NOR;Estrella;0;0;0;0;0;0;3;0;0;0;0;0;2;2;1;1;1;1;417;1;0;0;2;0;1
ID321;64;VIP;NOR;Estrella;0;0;0;0;0;0;4;3;11;3;4;4;2;2;1;1;1;1;408;2;0;0;1;0;3
ID322;53;VIP;NOR;Estrella;0;0;0;0;0;0;0;0;0;0;0;0;2;2;2;2;1;1;545;2;0;1;2;1;3
ID323;32;VIP;NOR;Basico;0;0;0;0;0;0;0;0;0;0;0;0;2;2;1;1;1;1;263;1;0;1;1;0;2
ID324;49;CLASICO;NB  ;No Vinculado;0;0;0;0;0;0;0;1;3;0;1;4;2;2;2;1;1;1;574;0;0;0;1;0;2
ID325;34;PRIME;NOR;Basico;0;0;0;0;0;0;0;0;0;0;0;0;2;1;1;1;1;1;640;1;0;1;2;1;0
ID326;36;VIP;NOR;Potencial;0;0;0;0;0;0;0;0;0;0;0;0;2;2;2;1;1;1;278;0;0;0;2;0;1
ID327;36;VIP;NOR;Basico;0;0;0;0;0;0;0;0;0;0;0;0;2;2;1;1;1;1;599;0;0;0;2;1;0
ID328;39;VIP;NOR;Basico;0;0;0;0;0;0;0;0;0;1;1;0;2;2;2;2;2;1;133;0;1;1;0;0;0
ID329;53;PRIME;NOR;No Vinculado;0;0;0;0;0;0;0;0;0;0;0;0;2;2;2;2;2;1;586;0;1;0;2;0;3
ID330;53;CLASICO;NOR;Estrella;0;0;0;0;0;0;0;0;0;0;0;0;2;2;2;2;2;1;479;0;1;1;0;0;2
ID331;56;CLASICO;NOR;Estrella;0;0;0;0;0;0;1;0;0;0;0;0;2;2;2;2;2;1;499;2;0;0;1;0;2
ID332;63;CLASICO;NB  ;No Vinculado;0;0;0;0;0;0;0;0;0;0;0;0;2;1;1;1;1;1;485;0;0;1;0;0;3
ID333;49;PRIME;NOR;Estrella;0;0;0;0;0;0;16;5;6;6;11;9;1;1;1;1;1;1;316;2;0;0;2;0;2
ID334;51;VIP;NOR;Basico;0;0;0;0;0;0;7;14;10;6;2;7;1;1;2;2;1;1;697;2;0;0;1;1;3
ID335;53;VIP;NOR;Basico;0;0;0;0;0;0;0;6;5;6;0;0;1;1;1;1;1;1;238;0;0;1;2;1;3
ID336;57;PRIME;NOR;Potencial;0;0;0;0;0;0;0;0;0;0;0;0;1;1;1;1;1;1;569;2;1;0;1;1;2
ID337;60;CLASICO;NOR;Estrella;0;0;0;0;0;0;0;0;0;0;0;0;1;1;1;1;1;1;311;0;0;0;1;0;1
ID338;42;PRIME;NOR;Estrella;0;0;0;0;0;0;0;0;0;0;0;0;1;1;1;1;1;1;604;1;1;1;2;0;1
ID339;42;VIP;NOR;Potencial;0;0;0;0;0;0;2;6;0;3;7;1;1;1;1;1;1;1;518;0;1;0;1;1;3
ID340;43;VIP;NOR;Estrella;0;0;0;0;0;0;0;0;0;0;0;0;1;1;1;1;1;1;266;2;1;1;1;0;3
ID341;45;PRIME;NOR;Potencial;0;0;0;0;0;0;0;0;0;0;0;0;1;0;0;0;1;1;494;1;0;0;0;1;1
ID342;61;PRIME;NOR;Estrella;0;0;0;0;0;0;0;0;0;0;0;0;1;1;1;1;1;1;190;2;1;1;1;1;1
ID343;51;VIP;NOR;Estrella;0;0;0;0;0;0;0;0;0;0;0;0;1;1;1;1;1;1;641;2;1;1;1;0;2
ID344;65;CLASICO;NOR;Basico;0;0;0;0;0;0;2;6;14;6;5;2;1;1;1;1;1;1;780;2;0;1;1;0;1
ID345;46;CLASICO;NOR;Estrella;0;0;0;0;30;0;3;6;3;1;0;5;1;1;1;1;1;1;514;2;1;0;0;0;2
ID346;50;VIP;NB  ;Potencial;0;0;0;0;0;0;0;0;0;0;0;0;1;1;1;1;1;1;104;0;1;1;1;0;0
ID347;53;CLASICO;NOR;Estrella;0;0;0;0;0;0;8;8;4;5;6;9;1;1;1;1;1;1;365;1;0;0;2;1;0
ID348;61;VIP;NOR;No Vinculado;0;0;0;0;0;0;0;0;0;0;0;0;1;1;1;1;1;1;492;1;0;0;1;1;1
ID349;49;CLASICO;NOR;Estrella;0;0;0;0;0;0;7;10;10;1;1;0;1;1;1;1;1;1;204;2;0;1;0;1;0
ID350;60;CLASICO;NOR;Basico;0;0;0;0;0;0;0;0;0;0;0;0;1;1;1;1;1;1;392;1;0;1;2;0;1
ID351;62;CLASICO;NOR;Transaccional;0;0;0;0;0;0;6;6;18;2;7;3;1;1;1;1;1;1;521;2;1;1;2;1;0
ID352;32;CLASICO;NOR;Basico;0;0;0;0;0;0;0;0;0;0;0;0;1;1;1;1;1;1;622;0;0;1;1;1;3
ID353;35;CLASICO;NOR;Potencial;0;0;0;0;0;0;0;0;0;0;0;0;1;1;1;1;1;1;262;2;0;0;0;1;0
ID354;39;PRIME;NOR;No Vinculado;0;0;0;0;0;0;0;0;0;0;0;0;1;1;1;1;1;1;370;2;1;1;2;1;3
ID355;42;VIP;PER;Estrella;0;0;0;0;0;0;0;0;0;0;0;0;1;1;1;1;1;1;286;0;1;0;0;1;1
ID356;42;CLASICO;DUD;Basico;0;0;0;0;0;0;2;3;0;0;0;0;1;1;1;1;1;1;243;1;0;0;0;0;3
ID357;42;CLASICO;NOR;Estrella;0;0;0;0;0;0;3;0;0;0;0;0;1;1;1;1;1;1;633;2;0;0;1;1;0
ID358;43;CLASICO;NOR;Basico;0;0;0;0;0;0;0;0;0;0;0;0;1;1;1;1;1;1;458;2;1;0;1;1;1
ID359;45;PRIME;NOR;Estrella;0;0;0;0;0;0;0;0;0;0;0;0;1;1;1;1;1;1;596;0;0;1;2;1;0
ID360;47;CLASICO;NOR;Estrella;0;0;0;0;0;0;0;0;0;0;0;0;1;1;1;1;1;1;549;1;1;0;2;0;0
ID361;49;CLASICO;NOR;No Vinculado;0;0;0;0;0;0;0;0;0;0;0;0;1;1;1;1;1;1;603;1;0;1;2;1;1
ID362;50;PRIME;NOR;Basico;0;0;0;0;0;0;1;0;0;0;0;0;1;1;1;1;1;1;510;0;1;1;1;1;1
ID363;50;CLASICO;NOR;Potencial;0;0;0;0;0;0;0;0;0;0;0;0;1;1;1;1;1;1;491;1;1;0;0;0;2
ID364;51;VIP;NB  ;Potencial;0;0;0;0;0;0;0;0;0;0;0;0;1;1;1;1;1;1;458;2;1;0;0;0;1
ID365;52;PRIME;NOR;Basico;0;0;0;0;0;0;0;0;0;0;0;0;1;1;1;1;1;1;256;2;0;0;2;0;2
ID366;52;PRIME;PER;Basico;0;0;0;0;0;0;1;0;0;0;0;0;1;1;1;1;1;1;830;2;1;1;1;1;1
ID367;53;PRIME;NOR;Estrella;0;0;0;0;0;0;0;0;0;0;0;0;1;1;1;1;1;1;218;2;1;1;1;0;2
ID368;56;PRIME;NB  ;No Vinculado;0;0;0;0;0;0;0;0;0;0;0;0;1;1;1;1;1;1;479;0;1;1;2;1;1
ID369;56;PRIME;NOR;Estrella;0;0;0;0;0;0;0;0;0;0;0;0;1;1;1;1;1;1;575;0;1;0;0;1;0
ID370;56;CLASICO;NOR;Estrella;0;0;0;0;0;0;0;0;0;0;0;0;1;1;1;1;1;1;565;2;1;1;2;1;3
ID371;57;VIP;NOR;Potencial;0;0;0;0;0;0;0;0;0;0;0;0;1;1;1;1;1;1;581;0;0;1;1;1;1
ID372;57;CLASICO;NOR;Basico;0;0;0;0;0;0;0;0;0;0;0;0;1;1;1;0;1;1;819;1;0;0;2;1;3
ID373;58;CLASICO;NOR;No Vinculado;0;0;0;0;0;0;0;0;0;0;0;0;1;1;1;1;1;1;582;2;1;1;0;0;2
ID374;59;PRIME;NB  ;Potencial;0;0;0;0;0;0;0;0;0;0;0;0;1;1;1;1;1;1;464;1;0;0;2;1;1
ID375;59;CLASICO;NOR;Basico;0;0;0;0;0;0;0;0;0;0;0;0;1;1;1;1;1;1;332;1;1;0;0;0;2
ID376;59;PRIME;NOR;Estrella;0;0;0;0;0;0;0;0;0;0;0;0;1;1;1;1;1;1;561;2;1;0;2;0;2
ID377;60;PRIME;NOR;Estrella;0;0;0;0;0;0;0;0;0;0;0;0;1;1;1;1;1;1;591;1;1;0;2;0;2
ID378;60;CLASICO;NOR;No Vinculado;0;0;0;0;0;0;0;0;0;0;0;0;1;1;1;0;0;1;223;1;1;0;0;1;0
ID379;60;PRIME;NOR;Estrella;0;0;0;0;0;0;0;0;0;0;0;0;1;1;1;1;1;1;335;1;0;1;2;1;1
ID380;60;VIP;NOR;Basico;0;0;0;0;0;0;0;1;0;0;0;0;1;1;1;1;1;1;197;2;1;0;2;1;3
ID381;61;PRIME;NOR;No Vinculado;0;0;0;0;0;0;0;0;0;0;0;0;1;1;1;1;1;1;638;2;1;1;2;1;3
ID382;63;CLASICO;PER;Basico;0;0;0;0;0;0;2;1;0;0;0;0;1;1;1;1;1;1;239;0;1;0;2;1;2
ID383;64;CLASICO;NB  ;Potencial;0;0;0;0;0;0;0;0;0;0;0;0;1;1;1;1;1;1;433;2;0;1;1;1;1
ID384;64;VIP;NOR;No Vinculado;0;0;0;0;0;0;0;0;0;0;0;0;1;1;1;1;1;1;540;0;1;0;0;1;3
ID385;64;PRIME;NB  ;Estrella;0;0;0;0;0;0;0;0;0;0;0;0;1;1;1;1;1;1;436;1;1;0;1;0;2
ID386;49;VIP;NOR;Basico;0;330;310;310;200;0;0;2;2;0;2;1;0;0;1;1;1;1;632;1;0;1;2;1;3
ID387;36;CLASICO;NOR;Basico;0;0;0;0;0;0;0;0;0;0;0;0;0;0;0;1;1;1;775;0;0;0;0;1;3
ID388;44;CLASICO;NOR;Basico;0;0;0;0;0;0;3;1;0;0;0;0;0;0;1;1;1;1;376;1;1;0;0;1;0
ID389;46;CLASICO;PER;Basico;0;0;0;0;0;0;0;0;0;0;0;0;0;1;1;1;1;1;472;2;1;0;1;0;1
ID390;49;PRIME;NOR;Estrella;0;0;0;0;0;0;0;0;0;0;0;0;0;0;0;0;0;1;581;0;0;1;2;0;3
ID391;52;VIP;NOR;Potencial;0;0;0;0;0;0;0;0;0;0;0;0;0;0;0;0;0;1;614;1;1;0;0;0;1
ID392;58;CLASICO;NB  ;Estrella;0;0;0;0;0;0;0;0;0;0;0;0;0;0;0;0;0;1;539;1;0;0;1;1;0
ID393;65;PRIME;NOR;Basico;0;0;0;0;0;0;0;0;0;0;0;0;0;0;0;0;0;1;510;0;0;1;2;0;2
ID394;56;CLASICO;NOR;Basico;0;0;0;0;0;0;1;1;0;1;6;3;2;2;1;1;0;0;577;1;1;1;0;1;3
ID395;64;PRIME;NOR;Estrella;0;0;0;0;0;0;1;4;5;4;0;0;2;2;2;1;0;0;551;0;1;0;1;1;2
ID396;59;PRIME;NOR;Basico;0;0;0;0;0;0;0;0;0;0;0;0;2;2;2;1;0;0;260;0;1;0;0;0;1
ID397;53;VIP;NOR;Estrella;0;0;0;0;0;0;0;0;0;0;0;0;1;1;1;1;1;0;605;0;0;0;2;0;3
ID398;56;VIP;NOR;Estrella;0;0;0;0;0;0;0;0;0;1;1;0;1;1;1;1;0;0;367;0;1;0;0;0;3
ID399;30;VIP;NOR;Estrella;0;0;0;0;0;0;0;0;0;0;0;0;1;1;1;0;0;0;252;2;1;1;1;0;2
ID400;33;CLASICO;NOR;Potencial;0;0;0;0;0;0;0;0;0;0;0;0;1;0;0;0;0;0;400;1;1;1;0;1;0
ID401;46;CLASICO;NOR;Basico;0;0;0;0;0;0;0;0;0;0;0;0;1;1;1;1;0;0;287;2;1;0;1;1;1
ID402;47;VIP;NOR;Basico;0;0;0;0;0;30;0;0;0;0;0;0;1;1;0;0;0;0;466;1;0;1;1;1;0
ID403;51;PRIME;NOR;No Vinculado;0;0;0;0;0;0;0;0;0;0;0;0;1;1;1;0;0;0;398;1;1;0;2;1;3
ID404;56;VIP;NOR;Estrella;0;0;0;0;0;0;0;0;0;0;0;0;1;1;1;1;0;0;280;0;1;0;0;0;0
ID405;59;PRIME;NOR;Basico;0;0;0;0;0;0;0;0;0;0;0;0;1;1;1;1;0;0;589;1;0;0;1;1;0
ID406;60;PRIME;NOR;Basico;0;0;0;0;0;0;0;1;0;0;0;0;1;1;1;1;1;0;310;0;0;0;2;0;2
ID407;63;PRIME;NOR;Estrella;0;0;0;0;0;0;0;1;0;0;0;0;1;1;1;0;0;0;564;0;1;1;1;0;3
ID408;61;VIP;NOR;Estrella;0;0;0;0;0;0;0;1;0;0;0;0;1;1;0;0;0;0;472;0;0;0;2;1;0
ID409;53;VIP;NOR;Basico;0;0;0;0;0;0;0;0;0;2;4;6;0;0;0;0;0;0;690;2;0;1;1;0;3
ID410;53;VIP;NOR;Estrella;0;0;0;0;0;0;0;0;0;0;0;0;0;0;0;0;0;0;576;0;0;0;2;0;0
ID411;61;PRIME;NOR;Estrella;0;0;0;0;0;0;0;0;0;0;0;0;0;0;0;0;0;0;426;0;0;0;2;0;0
ID412;36;VIP;NOR;Basico;0;0;0;0;0;0;0;0;0;0;0;0;0;0;0;0;0;0;649;2;0;0;0;1;0
ID413;65;PRIME;NOR;Estrella;0;0;0;0;0;0;0;0;0;0;0;0;0;0;0;0;0;0;697;0;0;0;1;0;0
ID414;52;CLASICO;NOR;Potencial;0;0;0;0;0;0;17;21;10;4;16;21;0;0;0;0;0;0;546;2;0;1;2;0;1
ID415;63;CLASICO;NOR;Potencial;0;0;0;0;0;0;0;0;0;0;0;0;0;0;0;0;0;0;449;0;0;0;0;1;0
ID416;46;PRIME;NOR;Estrella;0;0;0;0;0;0;0;0;0;0;0;0;0;0;0;0;0;0;593;1;0;1;2;0;2
ID417;50;PRIME;NOR;Potencial;0;0;0;0;0;0;0;0;0;0;0;0;0;0;0;0;0;0;572;0;1;1;0;1;2
ID418;60;PRIME;NOR;Estrella;0;0;0;0;0;0;1;1;4;1;3;1;0;0;0;0;0;0;124;0;0;0;2;0;0
ID419;51;PRIME;NB  ;Potencial;0;0;0;0;0;0;10;10;11;12;7;11;0;0;0;0;0;0;508;2;0;0;0;1;3
ID420;65;CLASICO;NOR;Estrella;0;0;0;0;0;0;0;0;0;0;0;0;0;0;0;0;0;0;525;2;1;0;0;0;1
ID421;54;VIP;NOR;Estrella;0;0;0;0;0;0;0;0;0;0;0;0;0;0;0;0;0;0;179;0;1;0;0;1;3
ID422;44;VIP;NOR;Potencial;0;0;0;0;0;0;0;0;2;0;1;0;0;0;0;0;0;0;212;2;1;1;1;1;1
ID423;45;CLASICO;NB  ;Potencial;0;0;0;0;0;0;0;2;6;0;1;0;0;0;0;0;0;0;449;1;1;1;2;1;2
ID424;58;PRIME;NOR;No Vinculado;0;0;0;0;0;0;0;3;1;2;5;1;0;0;0;0;0;0;199;1;1;0;0;0;1
ID425;58;PRIME;NB  ;Estrella;0;0;0;0;0;0;0;0;0;0;0;0;0;0;0;0;0;0;504;0;0;1;0;0;1
ID426;59;PRIME;NOR;No Vinculado;0;0;0;0;0;0;12;11;12;10;7;0;0;0;0;0;0;0;763;0;1;1;2;1;2
ID427;64;VIP;NOR;No Vinculado;0;0;0;0;0;0;2;0;0;0;1;0;0;0;0;0;0;0;651;2;1;1;1;1;3
ID428;39;VIP;NOR;Basico;0;0;0;0;0;0;0;0;0;0;0;0;0;0;0;0;0;0;563;2;0;0;2;1;0
ID429;42;VIP;NOR;No Vinculado;0;0;0;0;0;0;1;0;0;2;2;9;0;0;0;0;0;0;506;0;0;1;2;1;1
ID430;43;PRIME;NOR;Basico;0;0;0;0;0;0;0;0;0;0;0;0;0;0;0;0;0;0;629;1;1;1;0;0;1
ID431;44;VIP;NOR;Estrella;0;0;0;0;0;0;0;0;0;0;0;0;0;0;0;0;0;0;278;2;1;1;2;1;0
ID432;53;VIP;NOR;Basico;0;0;0;0;0;0;1;4;5;3;2;2;0;0;0;0;0;0;512;2;1;0;2;0;0
ID433;64;VIP;NOR;Basico;0;0;0;0;0;0;0;0;0;0;0;0;0;0;0;0;0;0;541;0;1;1;2;1;3
ID434;42;VIP;NOR;Basico;0;0;0;0;0;0;1;0;0;0;1;0;0;0;0;0;0;0;193;0;1;0;1;0;1
ID435;50;PRIME;NOR;Potencial;0;0;0;0;0;0;0;0;0;0;0;0;0;0;0;0;0;0;302;1;1;1;2;1;2
ID436;52;VIP;NOR;Estrella;0;0;0;0;0;0;0;0;0;0;0;0;0;0;0;0;0;0;477;2;0;0;1;0;0
ID437;58;PRIME;NOR;No Vinculado;0;0;0;0;0;0;0;0;0;0;0;0;0;0;0;0;0;0;617;0;1;0;1;0;3
ID438;59;VIP;NOR;Potencial;0;0;0;0;0;0;0;0;0;0;0;0;0;0;0;0;0;0;217;0;1;0;0;0;2
ID439;63;CLASICO;NOR;Basico;0;0;0;0;0;0;2;7;3;2;0;0;0;0;0;0;0;0;712;1;0;1;0;1;0
ID440;64;PRIME;NOR;Estrella;0;0;0;0;0;0;0;0;0;0;0;0;0;0;0;0;0;0;430;2;0;0;2;1;2
ID441;30;VIP;NOR;Potencial;0;0;0;0;0;0;0;0;0;0;0;0;0;0;0;0;0;0;369;1;1;0;1;0;2
ID442;37;PRIME;NOR;Estrella;0;0;0;0;0;0;0;0;0;0;0;0;0;0;0;0;0;0;347;1;1;0;1;1;1
ID443;40;PRIME;NOR;No Vinculado;0;0;0;0;0;0;0;0;0;0;0;0;0;0;0;0;0;0;480;2;1;1;2;0;3
ID444;52;CLASICO;NOR;Estrella;0;0;0;0;0;0;0;0;7;3;2;7;0;0;0;0;0;0;200;0;1;0;2;0;3
ID445;53;VIP;NOR;Basico;0;0;0;0;0;0;0;1;0;0;2;1;0;0;0;0;0;0;168;0;1;0;0;1;2
ID446;63;VIP;NOR;Estrella;0;0;0;0;0;0;4;2;0;0;0;1;0;0;0;0;0;0;522;2;1;0;0;1;3
ID447;65;PRIME;NOR;Basico;0;0;0;0;0;0;0;0;0;0;0;0;0;0;0;0;0;0;138;1;1;0;2;0;1
ID448;27;PRIME;NB  ;No Vinculado;0;0;0;0;0;0;0;0;0;0;0;0;0;0;0;0;0;0;449;1;1;1;2;1;1
ID449;35;VIP;NOR;Estrella;0;0;0;0;0;0;0;0;1;0;0;0;0;0;0;0;0;0;585;1;1;0;2;1;3
ID450;35;CLASICO;NOR;Estrella;0;0;0;0;0;0;0;0;0;0;0;0;0;0;0;0;0;0;588;0;0;0;0;1;1
ID451;36;PRIME;NOR;Basico;0;0;0;0;0;0;0;0;0;0;0;0;0;0;0;0;0;0;343;0;0;0;0;0;3
ID452;37;PRIME;NOR;Estrella;0;0;0;0;0;0;0;0;0;0;0;0;0;0;0;0;0;0;508;2;1;1;0;1;2
ID453;37;CLASICO;NOR;Basico;0;0;0;0;0;0;0;0;0;0;0;0;0;0;0;0;0;0;159;0;1;1;0;0;3
ID454;37;VIP;NOR;Basico;0;0;0;0;0;0;0;0;0;0;0;0;0;0;0;0;0;0;116;2;1;0;1;1;0
ID455;38;VIP;NB  ;Potencial;0;0;0;0;0;0;0;0;0;0;0;0;0;0;0;0;0;0;312;1;1;0;0;1;0
ID456;39;PRIME;NOR;Potencial;0;0;0;0;0;0;2;3;1;0;0;0;0;0;0;0;0;0;752;0;0;1;2;0;0
ID457;39;CLASICO;NOR;Estrella;0;0;0;0;0;0;0;0;0;0;0;0;0;0;0;0;0;0;316;1;1;0;2;1;1
ID458;40;PRIME;NOR;Estrella;0;0;0;0;0;0;0;0;0;0;0;0;0;0;0;0;0;0;332;0;1;0;0;1;2
ID459;40;PRIME;NOR;Estrella;0;0;0;0;0;0;0;0;0;0;0;0;0;0;0;0;0;0;552;1;1;0;2;0;2
ID460;41;CLASICO;NOR;Basico;0;0;0;0;0;0;0;0;0;0;0;0;0;0;0;0;0;0;551;0;1;1;2;1;3
ID461;41;VIP;NOR;Potencial;0;0;0;0;0;0;2;0;0;0;0;0;0;0;0;0;0;0;152;0;1;0;2;1;1
ID462;41;PRIME;NOR;Potencial;0;0;0;0;0;0;13;6;0;0;0;0;0;0;0;0;0;0;629;2;0;0;2;1;3
ID463;41;VIP;NOR;No Vinculado;0;0;0;0;0;0;1;1;0;0;0;0;0;0;0;1;0;0;627;2;0;1;1;0;0
ID464;42;PRIME;NOR;No Vinculado;0;0;0;0;0;0;0;0;0;0;0;0;0;0;0;0;0;0;480;0;1;1;1;1;3
ID465;42;CLASICO;NOR;Basico;0;0;0;0;0;0;0;0;0;0;0;0;0;0;0;0;0;0;498;1;0;0;0;0;3
ID466;42;VIP;NOR;Basico;0;0;0;0;0;0;2;0;0;0;0;0;0;0;0;0;0;0;268;1;0;1;1;1;3
ID467;42;VIP;NOR;No Vinculado;0;0;0;0;0;0;4;4;0;0;0;0;0;0;0;0;0;0;329;2;0;0;1;1;1
ID468;43;CLASICO;NOR;Potencial;0;0;0;0;0;0;0;0;0;0;0;0;0;0;0;0;0;0;151;1;0;1;2;1;3
ID469;43;CLASICO;NOR;Estrella;0;0;0;0;0;0;0;0;0;0;0;0;0;0;0;0;0;0;593;1;0;1;1;1;2
ID470;44;CLASICO;NOR;Potencial;0;0;0;0;0;0;0;0;0;0;0;0;0;0;0;0;0;0;481;1;1;0;0;0;1
ID471;44;VIP;NB  ;No Vinculado;0;0;0;0;0;0;0;0;0;0;0;0;0;0;0;0;0;0;161;1;0;1;0;1;1
ID472;44;VIP;NOR;Estrella;0;0;0;0;0;0;0;0;0;0;0;0;0;0;0;0;0;0;219;1;1;0;1;0;0
ID473;44;CLASICO;NOR;Potencial;0;0;0;0;0;0;0;3;0;0;0;0;0;0;0;0;0;0;713;2;1;1;2;1;0
ID474;45;VIP;NOR;Basico;0;0;0;0;0;0;0;0;0;0;0;0;0;0;0;0;0;0;425;0;1;0;2;1;3
ID475;45;CLASICO;NOR;No Vinculado;0;0;0;0;0;0;1;1;1;0;1;0;0;0;0;0;0;0;255;2;1;1;0;1;0
ID476;45;VIP;NOR;Basico;0;0;0;0;0;0;0;0;0;0;0;0;0;0;0;0;0;0;291;0;1;0;2;0;1
ID477;45;VIP;NOR;Estrella;0;0;0;0;0;0;0;0;0;0;0;0;0;0;0;0;0;0;512;1;0;1;1;0;3
ID478;45;VIP;NOR;Potencial;0;0;0;0;0;0;0;0;0;0;0;0;0;0;0;0;0;0;590;1;0;1;0;1;1
ID479;46;PRIME;NOR;Basico;0;0;0;0;0;0;0;0;0;0;0;0;0;0;0;0;0;0;539;1;1;0;2;0;1
ID480;46;VIP;NB  ;Estrella;0;0;0;0;0;0;0;0;0;0;0;0;0;0;0;0;0;0;369;0;1;0;2;1;2
ID481;46;VIP;NOR;Estrella;0;0;0;0;0;0;0;0;0;0;0;0;0;0;0;0;0;0;404;0;1;0;0;0;3
ID482;46;PRIME;NB  ;Estrella;0;0;0;0;0;0;0;1;0;1;0;0;0;0;0;0;0;0;189;2;1;0;0;1;1
ID483;46;PRIME;NOR;Basico;0;0;0;0;0;0;0;0;0;0;0;0;0;0;0;0;0;0;501;1;1;0;1;1;0
ID484;47;CLASICO;NB  ;Basico;0;0;0;0;0;0;0;0;0;0;0;0;0;0;0;0;0;0;353;1;1;1;2;1;1
ID485;47;CLASICO;NOR;Estrella;0;0;0;0;0;0;0;0;0;0;0;0;0;0;0;0;0;0;551;0;0;1;0;1;1
ID486;47;PRIME;NOR;Basico;0;0;0;0;0;0;0;0;0;0;0;0;0;0;0;0;0;0;106;2;1;1;2;1;1
ID487;48;PRIME;NOR;Potencial;0;0;0;0;0;0;0;0;0;0;0;0;0;0;0;0;0;0;524;1;0;0;2;0;1
ID488;48;PRIME;NOR;Estrella;0;0;0;0;0;0;0;0;0;0;0;0;0;0;0;0;0;0;511;2;0;0;2;0;2
ID489;49;CLASICO;NOR;Basico;0;0;0;0;0;0;2;3;1;0;0;0;0;0;0;0;0;0;570;2;0;1;1;0;3
ID490;49;VIP;NOR;Potencial;0;0;0;0;0;0;0;0;1;1;0;0;0;0;0;0;0;0;350;2;0;0;1;0;0
ID491;49;PRIME;NOR;Estrella;0;0;0;0;0;0;5;4;2;5;3;0;0;0;0;0;0;0;446;1;0;1;1;1;0
ID492;49;PRIME;NOR;Potencial;0;0;0;0;0;0;0;0;0;0;0;0;0;0;0;0;0;0;409;2;1;1;2;1;1
ID493;49;PRIME;NOR;Estrella;0;0;0;0;0;0;0;0;0;0;0;0;0;0;0;0;0;0;388;2;1;1;0;1;1
ID494;49;CLASICO;NOR;Basico;0;0;0;0;0;0;0;0;0;0;0;0;0;0;0;0;0;0;192;2;0;1;1;0;1
ID495;50;VIP;NOR;Basico;0;0;0;0;0;0;0;0;0;0;0;0;0;0;0;0;0;0;475;1;0;0;1;1;3
ID496;50;CLASICO;NOR;Estrella;0;0;0;0;0;0;0;0;0;0;0;0;0;0;0;0;0;0;519;0;1;0;0;0;0
ID497;50;CLASICO;NOR;Potencial;0;0;0;0;0;0;0;0;0;0;0;0;0;0;0;0;0;0;407;0;0;1;1;0;3
ID498;50;CLASICO;NOR;Basico;0;0;0;0;0;0;0;0;0;0;0;0;0;0;0;0;0;0;388;0;0;1;2;1;1
ID499;50;PRIME;NOR;No Vinculado;0;0;0;0;0;0;0;0;0;0;0;0;0;0;0;0;0;0;567;1;1;0;2;0;3
ID500;50;CLASICO;NOR;Basico;0;0;0;0;0;0;0;0;0;0;0;0;0;0;0;0;0;0;130;1;1;0;0;1;3
ID501;50;VIP;NOR;Estrella;0;0;0;0;0;0;0;0;0;0;0;0;0;0;0;0;0;0;511;2;1;1;2;1;3
ID502;51;CLASICO;PER;Potencial;0;0;0;0;0;0;2;0;0;0;0;0;0;0;0;0;0;0;322;1;0;1;2;0;1
ID503;51;PRIME;NOR;Estrella;0;0;0;0;0;0;0;0;0;0;0;0;0;0;0;0;0;0;592;2;1;0;0;1;1
ID504;51;PRIME;NOR;Potencial;0;0;0;0;0;0;0;0;0;0;0;0;0;0;0;0;0;0;462;1;1;0;2;1;1
ID505;51;PRIME;NOR;Potencial;0;0;0;0;0;0;0;0;0;0;0;0;0;0;0;0;0;0;633;1;1;1;2;0;0
ID506;51;CLASICO;NOR;Potencial;0;0;0;0;0;0;0;0;0;0;0;0;0;0;0;0;0;0;656;1;0;1;0;0;3
ID507;51;VIP;NOR;No Vinculado;0;0;0;0;0;0;3;1;0;0;0;0;0;0;0;0;0;0;253;0;1;0;0;1;1
ID508;52;PRIME;NOR;Basico;0;0;0;0;0;0;0;0;0;0;0;0;0;0;0;0;0;0;221;1;1;0;2;0;1
ID509;52;PRIME;NOR;Basico;0;0;0;0;0;0;2;1;0;0;0;0;0;0;0;0;0;0;539;0;0;1;2;1;3
ID510;53;PRIME;NB  ;Potencial;0;0;0;0;0;0;0;0;0;0;0;0;0;0;0;0;0;0;538;0;0;1;1;0;2
ID511;53;VIP;NB  ;Estrella;0;0;0;0;0;0;0;0;0;0;0;0;0;0;0;0;0;0;530;2;0;0;2;1;1
ID512;53;CLASICO;PER;Basico;0;0;0;0;0;0;0;0;0;0;0;0;0;0;0;0;0;0;227;1;0;1;0;1;2
ID513;54;PRIME;NOR;No Vinculado;0;0;0;0;0;0;1;0;0;0;0;0;0;0;0;0;0;0;153;1;0;1;2;1;3
ID514;54;PRIME;NB  ;Estrella;0;0;0;0;0;0;0;0;0;0;0;1;0;0;0;0;0;0;564;0;0;0;1;1;0
ID515;55;VIP;NOR;Potencial;0;0;0;0;0;0;0;0;0;0;0;0;0;0;0;0;0;0;498;1;1;0;2;0;1
ID516;55;PRIME;NOR;Estrella;0;0;0;0;0;0;0;0;0;0;0;0;0;0;0;0;0;0;383;2;1;0;1;0;2
ID517;55;CLASICO;NOR;Potencial;0;0;0;0;0;0;0;0;0;0;0;0;0;0;0;0;0;0;407;2;1;1;1;0;3
ID518;56;VIP;PER;Basico;0;0;0;0;0;0;0;0;0;0;0;0;0;0;0;0;0;0;264;2;1;1;2;0;2
ID519;56;CLASICO;NOR;Estrella;0;0;0;0;0;0;0;0;0;0;0;0;0;0;0;0;0;0;269;0;1;1;0;0;0
ID520;56;PRIME;NOR;Basico;0;0;0;0;0;0;1;1;0;0;0;0;0;0;0;0;0;0;337;2;0;0;2;1;2
ID521;56;VIP;NOR;Estrella;0;0;0;0;0;0;0;0;0;0;0;0;0;0;0;0;0;0;641;1;0;0;1;1;3
ID522;56;VIP;NOR;Basico;0;0;0;0;0;0;0;0;0;0;0;0;0;0;0;0;0;0;474;1;1;1;2;0;2
ID523;56;VIP;NOR;Basico;0;0;0;0;0;0;0;0;0;0;0;0;0;0;0;0;0;0;136;1;0;1;0;0;1
ID524;57;PRIME;NOR;Basico;0;0;0;0;0;0;0;0;0;0;0;0;0;0;0;0;0;0;201;0;0;0;1;1;2
ID525;57;CLASICO;NOR;Basico;0;0;0;0;0;0;0;0;0;0;0;0;0;0;0;0;0;0;390;0;1;0;1;0;2
ID526;57;PRIME;NOR;Potencial;0;0;0;0;0;0;1;0;0;0;0;0;0;0;0;0;0;0;543;0;0;1;2;0;2
ID527;57;VIP;NOR;Potencial;0;0;0;0;0;0;0;0;0;0;0;0;0;0;0;0;0;0;329;2;1;0;2;1;2
ID528;57;VIP;NOR;Basico;0;0;0;0;0;0;0;0;0;0;0;0;0;0;0;0;0;0;524;1;0;1;2;1;2
ID529;57;PRIME;NOR;Basico;0;0;0;0;0;0;0;0;0;0;0;0;0;0;0;0;0;0;362;0;1;1;1;1;2
ID530;57;VIP;NOR;Basico;0;0;0;0;0;0;0;0;0;0;0;0;0;0;0;0;0;0;805;2;1;0;1;0;2
ID531;58;VIP;NB  ;No Vinculado;0;0;0;0;0;0;0;0;0;0;0;0;0;0;0;0;0;0;474;0;1;1;0;0;1
ID532;58;CLASICO;NOR;Estrella;0;0;0;0;0;0;0;0;0;0;0;0;0;0;0;0;0;0;190;0;0;0;1;0;0
ID533;58;PRIME;NOR;Estrella;0;0;0;0;0;0;0;0;0;0;0;0;0;0;0;0;0;0;410;0;0;0;2;0;1
ID534;58;PRIME;NOR;Estrella;0;0;0;0;0;0;0;0;0;0;0;0;0;0;0;0;0;0;590;0;1;0;2;0;0
ID535;58;PRIME;NOR;Basico;0;0;0;0;0;0;0;0;0;0;0;0;0;0;0;0;0;0;127;2;0;0;2;0;1
ID536;58;CLASICO;NB  ;Potencial;0;0;0;0;0;0;0;0;0;0;0;0;0;0;0;0;0;0;295;2;1;0;2;0;1
ID537;58;VIP;NB  ;No Vinculado;0;0;0;0;0;0;0;0;0;0;0;0;0;0;0;0;0;0;220;1;1;0;2;0;2
ID538;58;PRIME;NB  ;Potencial;0;0;0;0;0;0;0;0;0;0;0;0;0;0;0;0;0;0;411;1;0;0;0;1;3
ID539;58;PRIME;NOR;Estrella;0;0;0;0;0;0;0;1;0;0;0;0;0;0;0;0;0;0;612;2;0;0;2;1;0
ID540;58;VIP;NOR;Potencial;0;0;0;0;0;0;0;0;0;0;0;0;0;0;0;0;0;0;423;1;0;1;0;0;0
ID541;58;VIP;NOR;Estrella;0;0;0;0;0;0;0;0;0;0;0;0;0;0;0;0;0;0;404;0;0;0;2;0;2
ID542;58;CLASICO;NOR;No Vinculado;0;0;0;0;0;0;0;0;0;0;0;0;0;0;0;0;0;0;554;1;1;0;0;1;3
ID543;58;CLASICO;NOR;Estrella;0;0;0;0;0;0;0;0;0;0;0;0;0;0;0;0;0;0;379;0;0;1;1;1;3
ID544;59;CLASICO;NOR;Potencial;0;0;0;0;0;0;0;0;1;0;0;0;0;0;0;0;0;0;298;2;1;1;0;0;1
ID545;59;CLASICO;DUD;Basico;0;0;0;0;0;0;0;0;0;0;0;0;0;0;0;0;0;0;351;2;1;0;0;1;0
ID546;59;PRIME;NOR;Estrella;0;0;0;0;0;0;0;0;0;0;0;0;0;0;0;0;0;0;371;2;0;1;0;0;0
ID547;60;VIP;NOR;Estrella;0;0;0;0;0;0;0;0;0;0;0;0;0;0;0;0;0;0;515;1;1;1;0;1;1
ID548;60;CLASICO;NOR;No Vinculado;0;0;0;0;0;0;0;0;0;0;0;0;0;0;0;0;0;0;248;0;0;1;2;1;2
ID549;60;PRIME;NOR;Estrella;0;0;0;0;0;0;0;1;0;0;0;0;0;0;0;0;0;0;364;1;0;0;0;1;0
ID550;60;PRIME;NOR;Estrella;0;0;0;0;0;0;0;0;0;0;0;0;0;0;0;0;0;0;352;1;0;1;1;1;1
ID551;60;PRIME;NOR;Estrella;0;0;0;0;0;0;0;0;0;0;0;0;0;0;0;0;0;0;229;0;0;1;0;1;3
ID552;60;CLASICO;PER;Basico;0;0;0;0;0;0;0;0;0;0;0;0;0;0;0;0;0;0;332;2;1;1;1;1;0
ID553;61;VIP;CPP;Potencial;0;0;0;0;0;0;0;0;0;0;0;0;0;0;0;0;0;0;412;2;0;1;0;0;0
ID554;62;VIP;NOR;No Vinculado;0;0;0;0;0;0;0;0;0;0;0;0;0;0;0;0;0;0;438;0;1;1;0;1;3
ID555;62;PRIME;NOR;Estrella;0;0;0;0;0;0;0;0;0;0;0;0;0;0;0;0;0;0;605;2;1;0;0;1;0
ID556;62;CLASICO;NOR;Potencial;0;0;0;0;0;0;0;0;0;0;0;0;0;0;0;0;0;0;741;0;1;0;0;1;2
ID557;63;PRIME;NOR;Potencial;0;0;0;0;0;0;0;0;0;0;0;0;0;0;0;0;0;0;643;0;0;1;2;0;3
ID558;63;PRIME;NOR;Estrella;0;0;0;0;0;0;0;0;0;0;0;0;0;0;0;0;0;0;528;1;0;0;1;1;2
ID559;63;VIP;NOR;Estrella;0;0;0;0;0;0;0;0;0;0;0;0;0;0;0;0;0;0;540;1;0;0;1;1;3
ID560;63;PRIME;NOR;Estrella;0;0;0;0;0;0;0;0;0;0;0;0;0;0;0;0;0;0;498;1;0;1;1;1;2
ID561;63;PRIME;NOR;Estrella;0;0;0;0;0;0;0;4;1;0;0;0;0;0;0;0;0;0;356;0;0;0;2;0;3
ID562;63;CLASICO;NOR;Basico;0;0;0;0;0;0;0;0;2;0;0;0;0;0;0;0;0;0;553;0;1;0;0;0;3
ID563;63;VIP;NOR;Potencial;0;0;0;0;0;0;3;3;2;0;0;0;0;0;0;0;0;0;219;1;1;0;2;0;3
ID564;63;CLASICO;NOR;Basico;0;0;0;0;0;0;0;0;0;0;0;0;0;0;0;0;0;0;412;0;1;1;1;0;1
ID565;63;VIP;NOR;Estrella;0;0;0;0;0;0;0;0;0;0;0;0;0;0;0;0;0;0;469;2;0;1;0;0;1
ID566;63;VIP;NOR;Estrella;0;0;0;0;0;0;0;0;0;0;0;0;0;0;0;0;0;0;530;1;1;1;2;1;3
ID567;63;CLASICO;NOR;Estrella;0;0;0;0;0;0;1;0;0;0;0;0;0;0;0;0;0;0;301;0;0;1;0;0;0
ID568;64;PRIME;NOR;Basico;0;0;0;0;0;0;0;0;0;0;0;0;0;0;0;0;0;0;370;0;1;1;2;1;2
ID569;64;CLASICO;NOR;Estrella;0;0;0;0;0;0;16;0;0;0;0;0;0;0;0;0;0;0;681;2;0;1;1;1;1
ID570;64;CLASICO;NOR;Estrella;0;0;0;0;0;0;0;0;0;0;0;0;0;0;0;0;0;0;635;1;1;0;1;0;0
ID571;65;PRIME;NOR;Estrella;0;0;0;0;0;0;0;1;0;0;0;0;0;0;0;0;0;0;534;2;0;0;0;0;0
ID572;65;CLASICO;NOR;Estrella;0;0;0;0;0;0;0;0;0;0;0;0;0;0;0;0;0;0;181;0;0;1;2;0;3
ID573;65;CLASICO;NOR;Estrella;0;0;0;0;0;0;0;0;0;0;0;0;0;0;0;0;0;0;512;1;1;1;0;0;3
ID574;65;PRIME;NOR;Estrella;0;0;0;0;0;0;0;0;0;0;0;0;0;0;0;0;0;0;593;0;1;1;1;0;0
ID575;65;PRIME;NOR;Estrella;0;0;0;0;0;0;0;0;0;0;0;0;0;0;0;0;0;0;208;0;1;1;0;0;0
ID576;44;VIP;NOR;Basico;0;0;0;0;0;0;0;0;0;0;0;0;0;0;0;0;0;0;453;1;1;1;0;0;3
